artista,track,playcount,listeners
La Fuga,Buscando en la basura,199170,29976
La Fuga,Por verte sonreir,89355,15722
La Fuga,Majareta,74734,13684
La Fuga,Abril,56925,11206
La Fuga,Luna de miel,50040,10732
La Fuga,Amor de contenedor,48457,10433
La Fuga,Las olas,46807,9768
La Fuga,Mendigo,40272,9491
La Fuga,Jaleo,53677,9004
La Fuga,En vela,55235,8872
La Fuga,Balada del despertador,44124,8797
La Fuga,El manual,42663,8794
La Fuga,Trampas al sol,57938,8791
La Fuga,Madrid,43054,8672
La Fuga,"P' aqui, p' alla",38649,8414
La Fuga,Hasta nunca,42497,8222
La Fuga,P'aquí p'allá,46730,8079
La Fuga,Gigante,33441,7445
La Fuga,Al amanecer,30845,7400
La Fuga,No solo respirar,42783,7078
La Fuga,A golpes,28757,6779
La Fuga,Despacito,31616,6758
La Fuga,Miguel,29785,6643
La Fuga,Heroina,24036,6306
La Fuga,Sueños de papel,35411,6153
La Fuga,Malos Pensamientos,31861,5624
La Fuga,Pa volar,26371,5563
La Fuga,Por verte sonreír,33207,5543
La Fuga,P'aqui P'alla,22726,5522
La Fuga,Nunca mais,32819,5492
La Fuga,Primavera del 87,20987,5361
La Fuga,Cinco minutos,21913,5247
La Fuga,Baja por diversión,33153,5199
La Fuga,A deshora,19889,5099
La Fuga,Los de siempre,22700,5082
La Fuga,Los lunes de octubre,27298,4900
La Fuga,Los Molinos,27939,4885
La Fuga,Baja Por Diversion,18797,4875
La Fuga,Mundo enfermo,16312,4762
La Fuga,Vientos del sur,17097,4719
La Fuga,Un rayito de sol,16555,4573
La Fuga,Mal humor,15447,4428
La Fuga,Mira,15545,4281
La Fuga,Idiota,14835,4232
La Fuga,Versos para ti,16207,4218
La Fuga,"Conversacion, habitacion",16752,4168
La Fuga,Pierdo verticalidad,14600,4046
La Fuga,"P' aquí, p' allá",19966,3959
La Fuga,Barrio gris,13467,3872
La Fuga,Las musas,19336,3861
Fito y fitipaldis,Por la boca vive el pez,431964,60410
Fito y fitipaldis,Soldadito marinero,313631,51164
Fito y fitipaldis,Antes de que cuente diez,315901,43393
Fito y fitipaldis,La Casa Por El Tejado,270599,39812
Fito y fitipaldis,Me equivocaría otra vez,155534,21674
Fito y fitipaldis,Acabo de llegar,113305,20358
Fito y fitipaldis,Rojitas las orejas,92984,18648
Fito y fitipaldis,Entre la espada y la pared,97189,17258
Fito y fitipaldis,Me Equivocaria Otra Vez,59969,14011
Fito y fitipaldis,Me Acorde De Ti,56492,13200
Fito y fitipaldis,Un Buen Castigo,68983,13190
Fito y fitipaldis,Las Nubes De Tu Pelo,62592,12592
Fito y fitipaldis,Lo que sobra de mí,66918,12585
Fito y fitipaldis,Whisky Barato,52162,11298
Fito y fitipaldis,Me acordé de ti,64001,11095
Fito y fitipaldis,Catorce Vidas Son Dos Gatos,51525,11050
Fito y fitipaldis,Los Huesos De Los Besos,42644,10739
Fito y fitipaldis,Tarde o temprano,40074,10280
Fito y fitipaldis,Viene y va,44447,10255
Fito y fitipaldis,Garabatos,55206,10228
Fito y fitipaldis,Todo A Cien,31135,8001
Fito y fitipaldis,Donde todo empieza,29123,7209
Fito y fitipaldis,Como pollo sin cabeza,26341,7188
Fito y fitipaldis,Cielo hermético,39968,7123
Fito y fitipaldis,Siempre Estoy Soñando,29582,7079
Fito y fitipaldis,Sobra la luz,24388,6645
Fito y fitipaldis,Abrazado a la tristeza,21969,6459
Fito y fitipaldis,A la luna se le ve el ombligo,25587,6094
Fito y fitipaldis,Entre dos mares,32004,6009
Fito y fitipaldis,Deltoya,20828,5955
Fito y fitipaldis,Quiero beber hasta perder el control,21258,5792
Fito y fitipaldis,Pájaros disecados,27339,5768
Fito y fitipaldis,Feo,20716,5576
Fito y fitipaldis,Trozos de cristal (feat. Robe),27645,5476
Fito y fitipaldis,Para Toda La Vida,21501,5375
Fito y fitipaldis,Mirando al cielo,21285,5289
Fito y fitipaldis,Que Me Arrastre El Viento,16820,5250
Fito y fitipaldis,Conozco Un Lugar,17164,5197
Fito y fitipaldis,Trozos de cristal,20784,4996
Fito y fitipaldis,El Ojo Que Me Mira,18294,4957
Fito y fitipaldis,214 Sullivan Street,14008,4689
Fito y fitipaldis,Corazon Oxidado,16606,4480
Fito y fitipaldis,A quemarropa,27587,4437
Fito y fitipaldis,Que Necesario Es El Rock&roll,13055,4437
Fito y fitipaldis,Quiero Ser Una Estrella,13825,4278
Fito y fitipaldis,Nos ocupamos del mar,17201,4197
Fito y fitipaldis,Nada Que Decir,12576,4140
Fito y fitipaldis,Cada vez cadáver,21002,4064
Fito y fitipaldis,La Cuisine De Bernard,11146,3997
Fito y fitipaldis,No soy Bo Diddley,10714,3798
Billie Eilish,BIRDS OF A FEATHER,55575321,2224265
Billie Eilish,bad guy,20358266,1667583
Billie Eilish,WILDFLOWER,36153716,1639611
Billie Eilish,when the party's over,22259778,1614951
Billie Eilish,LUNCH,27880736,1584980
Billie Eilish,Happier Than Ever,29134805,1552343
Billie Eilish,CHIHIRO,32063597,1543030
Billie Eilish,ocean eyes,18461777,1528589
Billie Eilish,lovely (with Khalid),18216684,1503985
Billie Eilish,everything i wanted,21754553,1460477
Billie Eilish,"What Was I Made For? [From the Motion Picture ""Barbie""]",20553072,1354956
Billie Eilish,i love you,19047508,1246725
Billie Eilish,idontwannabeyouanymore,15206836,1220683
Billie Eilish,bellyache,14262320,1192699
Billie Eilish,TV,18731076,1176232
Billie Eilish,you should see me in a crown,12534743,1150807
Billie Eilish,bury a friend,12927708,1111783
Billie Eilish,wish you were gay,12097806,1046573
Billie Eilish,Bored,12172090,1041780
Billie Eilish,THE GREATEST,18371455,1025403
Billie Eilish,Billie Bossa Nova,15346728,1015549
Billie Eilish,L’AMOUR DE MA VIE,16830188,1012500
Billie Eilish,all the good girls go to hell,10467578,1008944
Billie Eilish,SKINNY,14692624,1006476
Billie Eilish,Therefore I Am,11371625,1002647
Billie Eilish,BLUE,15398032,987432
Billie Eilish,listen before i go,13245354,982054
Billie Eilish,my strange addiction,10389885,981989
Billie Eilish,watch,11185956,930426
Billie Eilish,My Future,12428739,929785
Billie Eilish,hotline (edit),9663985,928107
Billie Eilish,THE DINER,13753789,918399
Billie Eilish,ilomilo,11243254,880711
Billie Eilish,Halley's Comet,13871627,879966
Billie Eilish,No Time to Die,9586105,847725
Billie Eilish,xanny,9205905,843998
Billie Eilish,I Didn't Change My Number,10563701,828377
Billie Eilish,NDA,12169227,817654
Billie Eilish,BITTERSUITE,11859160,813408
Billie Eilish,my boy,7975910,812113
Billie Eilish,Getting Older,10352307,810017
Billie Eilish,Your Power,10561229,805720
Billie Eilish,COPYCAT,7144135,785466
Billie Eilish,Lost Cause,9636484,753010
Billie Eilish,bitches broken hearts,9083258,739851
Billie Eilish,Oxytocin,9601219,710817
Billie Eilish,hostage,7611946,698560
Billie Eilish,Male Fantasy,10051357,656248
Billie Eilish,goodbye,6348974,653820
Billie Eilish,8,6231759,639585
Love of Lesbian,Club de fans de John Boy,546863,57454
Love of Lesbian,Alli donde soliamos gritar,268905,32713
Love of Lesbian,La Niña Imantada,279005,31905
Love of Lesbian,Lucha de Gigantes,225939,31824
Love of Lesbian,Incendios de nieve,278000,27995
Love of Lesbian,Allí donde solíamos gritar,307129,26886
Love of Lesbian,1999,295375,26463
Love of Lesbian,Maniobras de escapismo,157774,26414
Love of Lesbian,Universos Infinitos,232410,25651
Love of Lesbian,Las malas lenguas,220875,24269
Love of Lesbian,Algunas Plantas,210667,23717
Love of Lesbian,Noches Reversibles,230615,23177
Love of Lesbian,Me Amo,194116,22973
Love of Lesbian,Segundo asalto,221892,22100
Love of Lesbian,Me llaman Octubre,106705,21222
Love of Lesbian,Los niños del mañana,92032,20829
Love of Lesbian,Un Día En El Parque,177257,20152
Love of Lesbian,Cuestiones de familia,162917,19300
Love of Lesbian,Miau,141336,17314
Love of Lesbian,Los Colores De Una Sombra,152957,17001
Love of Lesbian,Fantastic Shine,89569,16981
Love of Lesbian,Belice,167712,16762
Love of Lesbian,Cuando diga ya,123634,16405
Love of Lesbian,Mi personalidad,84090,16134
Love of Lesbian,La mirada de la gente que conspira,122946,15821
Love of Lesbian,Bajo El Volcán,146019,15517
Love of Lesbian,Limousinas,72079,15517
Love of Lesbian,Mon petit cabroin,63990,15131
Love of Lesbian,El ectoplasta,98108,14595
Love of Lesbian,Cuando no me ves,138097,14274
Love of Lesbian,2009. Voy A Romper Las Ventanas,107243,14024
Love of Lesbian,"Houston, tenemos un problema",75184,13823
Love of Lesbian,La Noche Eterna,106647,13766
Love of Lesbian,Mi primera combustión,91634,13493
Love of Lesbian,Música de ascensores,81845,13332
Love of Lesbian,Dios Por Dios Es Cuatro,85148,13307
Love of Lesbian,Shiwa,86471,13068
Love of Lesbian,La Parábola Del Tonto,99233,13057
Love of Lesbian,Villancico Para Mi Cuñado Fernando,94888,13057
Love of Lesbian,"Marlene, la vecina del ártico",73525,12696
Love of Lesbian,"Si tu me dices Ben, yo digo Affleck",85007,12598
Love of Lesbian,Pizzigatos,102390,12280
Love of Lesbian,Historia De Una Hache Que No Quería Ser Muda,87474,12164
Love of Lesbian,Te hiero mucho (historia del amante guisante),99184,12053
Love of Lesbian,Carta a Todas Tus Catástrofes,60638,11615
Love of Lesbian,Los toros en la Wii - Fantástico,92548,11478
Love of Lesbian,Nadie por las calles,90494,11035
Love of Lesbian,Nada,76168,10877
Love of Lesbian,All These Days,23620,10713
Love of Lesbian,Move On,21637,10650
Estopa,Vino Tinto,445212,77721
Estopa,Tu Calorro,421148,73492
Estopa,Como Camarón,538934,57148
Estopa,Me Falta El Aliento,228238,49902
Estopa,Cacho A Cacho,273204,46890
Estopa,Por La Raja De Tu Falda,302780,41773
Estopa,La Raja De Tu Falda,148976,40128
Estopa,Partiendo La Pana,163129,36490
Estopa,Ya No Me Acuerdo,204993,35994
Estopa,Luna Lunera,134604,34782
Estopa,Poquito A Poco,121964,30831
Estopa,Destrangis In The Night,118136,30343
Estopa,El Blade,82325,29832
Estopa,Paseo,187986,29225
Estopa,Tragicomedia,164615,28447
Estopa,Demonios,110195,28260
Estopa,El Del Medio De Los Chichos,128305,27879
Estopa,Como Camaron,106233,27686
Estopa,Vacaciones,155722,26912
Estopa,Mi Primera Cana,91098,26381
Estopa,Exiliado En El Lavabo,101774,26109
Estopa,Cuando Cae La Luna,100479,25907
Estopa,Pastillas De Freno,138494,22758
Estopa,Suma Y Sigue,81401,22660
Estopa,Bossanova,122275,22148
Estopa,Fuente De Energia,95570,21326
Estopa,Malabares,106919,21324
Estopa,Cuando Amanece,104173,19783
Estopa,Vuelvo A Las Andadas,70560,19391
Estopa,Tan Solo,73017,18836
Estopa,Te Vi Te Vi,58747,18678
Estopa,Estopa,73151,18452
Estopa,Fin De Semana,71601,17889
Estopa,Penas Con Rumba,78172,17117
Estopa,Hemicraneal,94599,16409
Estopa,Jardin Del Olvido,47361,14968
Estopa,El Run Run (With Rosario),81258,14784
Estopa,Nasio Pa La Alegria,44461,14734
Estopa,No Quiero Verla Mas,45494,14680
Estopa,Estrella Fugaz,51424,13839
Estopa,La Primavera,67718,13726
Estopa,Cuerpo Triste,61729,13224
Estopa,Pastillas Para Dormir,73154,13175
Estopa,Lunes,57223,13171
Estopa,Ojitos Rojos (Directo),42834,13108
Estopa,Me quedaré,89311,12946
Estopa,El Run Run,49160,11617
Estopa,Tanta Tinta Tonta,53914,11475
Estopa,Camiseta de Rokanrol,72851,11454
Estopa,Monstruos,47700,11307
Mägo de Oz,Fiesta Pagana,876230,119053
Mägo de Oz,Molinos De Viento,712308,97403
Mägo de Oz,La Costa Del Silencio,475639,67661
Mägo de Oz,La Danza Del Fuego,328731,48574
Mägo de Oz,Haste Que El Cuerpo Aguante,361591,43758
Mägo de Oz,La Posada de los Muertos,243639,38134
Mägo de Oz,La Rosa De Los Vientos,208543,33970
Mägo de Oz,Hoy toca ser feliz,220861,32888
Mägo de Oz,Satania,154832,25474
Mägo de Oz,Gaia,141929,25257
Mägo de Oz,Hasta Que El Cuerpo Aguante,157378,24907
Mägo de Oz,El Que Quiera Entender Que Entienda,153606,24375
Mägo de Oz,El Santo Grial,140587,23150
Mägo de Oz,Astaroth,132274,21343
Mägo de Oz,Desde mi Cielo,135842,20933
Mägo de Oz,La Cruz de Santiago,123627,20899
Mägo de Oz,El Libro de las Sombras,161602,20254
Mägo de Oz,El Lago,124250,19618
Mägo de Oz,Pensando En Ti,105867,18958
Mägo de Oz,Maite Zaitut,87947,18684
Mägo de Oz,El Cantar de la Luna Oscura,99256,18082
Mägo de Oz,Finisterra,95576,17537
Mägo de Oz,Si Te Vas,86433,17420
Mägo de Oz,La Leyenda De La Llorona,67333,17015
Mägo de Oz,Tres Tristes Tigres,71784,15392
Mägo de Oz,La Leyenda De La Mancha,68313,15286
Mägo de Oz,Alma,80785,14870
Mägo de Oz,Polla Dura No Cree en Dios,67856,14817
Mägo de Oz,La Conquista,67750,14566
Mägo de Oz,La Venganza De Gaia,72356,14270
Mägo de Oz,Los Renglones Torcidos de Dios,83521,14093
Mägo de Oz,El Pacto,71315,13929
Mägo de Oz,Hasta Que Tu Muerte Nos Separe,73357,13387
Mägo de Oz,Van A Rodar Cabezas,71921,13199
Mägo de Oz,La Voz Dormida,91001,13124
Mägo de Oz,Diabulus in Musica,88199,13060
Mägo de Oz,Maritornes,68038,12887
Mägo de Oz,Hazme un sitio entre tu piel,79035,12743
Mägo de Oz,Ancha Es Castilla,55081,12681
Mägo de Oz,La Cantata del Diablo (Missit me Dominus),95722,12405
Mägo de Oz,El atrapasueños,54888,12289
Mägo de Oz,Obertura MDXX,43836,12069
Mägo de Oz,A Costa da Morte,45910,12039
Mägo de Oz,Noche Toledana,52556,11930
Mägo de Oz,El Atrapasuenos,70481,11793
Mägo de Oz,El Paseo de los Tristes,67914,11757
Mägo de Oz,El poema de la lluvia triste,68817,11564
Mägo de Oz,Aquelarre,72382,11472
Mägo de Oz,Es Hora de Marchar,46670,11260
Mägo de Oz,Melodian,72844,10731
Mr. Kilombo,Sinmigo,91338,11410
Mr. Kilombo,Cabecita Loca,21644,4036
Mr. Kilombo,Tiempo Al Tiempo,18600,3468
Mr. Kilombo,En Plena Calle,13612,3060
Mr. Kilombo,Qué Bien Se Te Ve,4686,1239
Mr. Kilombo,Invencibles,4036,1090
Mr. Kilombo,Cortocircuitos,4967,1019
Mr. Kilombo,Al Norte,4069,976
Mr. Kilombo,Todo Cambia,3650,885
Mr. Kilombo,"Se Viene, Se Va",3356,875
Mr. Kilombo,Contra Todo Pronostico,3653,792
Mr. Kilombo,Por Su Camino,2848,755
Mr. Kilombo,Reconciliarme Con el Amor,2975,747
Mr. Kilombo,Por Reyes,2704,669
Mr. Kilombo,Ambivalencia,1948,648
Mr. Kilombo,Quédate A Mi Lado,1681,563
Mr. Kilombo,Rey y Mendigo,1936,487
Mr. Kilombo,Na de mi,1712,486
Mr. Kilombo,Manglares,1576,444
Mr. Kilombo,En Peligro de Extinción,1152,440
Mr. Kilombo,Una Canción Nada Más,1567,399
Mr. Kilombo,Como si no pasara nada,1397,381
Mr. Kilombo,Pandora,1054,375
Mr. Kilombo,Palabrería,1112,341
Mr. Kilombo,Preguntas,860,306
Mr. Kilombo,Trampas,944,299
Mr. Kilombo,Mírame,1096,290
Mr. Kilombo,Trastos,694,279
Mr. Kilombo,Que No Se Acabe La Noche,696,277
Mr. Kilombo,Tarde Otra Vez,752,260
Mr. Kilombo,Andaré,1192,246
Mr. Kilombo,Bendita Humanidad,878,238
Mr. Kilombo,Baile de Disfraces,867,233
Mr. Kilombo,A veces ocurre,682,229
Mr. Kilombo,Nosequé,699,228
Mr. Kilombo,Nada Que Decir,533,224
Mr. Kilombo,Unas Horas,807,220
Mr. Kilombo,Del aire,693,214
Mr. Kilombo,Sin Mirarme los Pies,981,201
Mr. Kilombo,El Resto Puede Esperar,710,199
Mr. Kilombo,Todo Este Caos,631,197
Mr. Kilombo,Enemigos,503,178
Mr. Kilombo,Tal Como Vino,522,169
Mr. Kilombo,De Vuelta,404,168
Mr. Kilombo,Será Mejor,476,160
Mr. Kilombo,Arde Troya,444,157
Mr. Kilombo,La Cuenta Nueva,349,153
Mr. Kilombo,Bucle,531,146
Mr. Kilombo,Casa de herrero,442,141
Mr. Kilombo,Pasa Sin Llamar,328,141
Rozalén,Comiendote A Besos,85009,13686
Rozalén,La Puerta Violeta,72548,12521
Rozalén,Vivir (with Estopa),58116,10912
Rozalén,Girasoles,49657,7694
Rozalén,80 veces,38093,6765
Rozalén,Antes De Verte (with Kevin Johansen),15558,3956
Rozalén,"Que No, Que No",18596,3830
Rozalén,Saltan chispas,18099,3766
Rozalén,Antes De Verte,12113,3701
Rozalén,Berlin,16397,3528
Rozalén,Vuelves,19928,3351
Rozalén,Las Hadas existen,17954,3154
Rozalén,Será Mejor,15894,2852
Rozalén,Este Tren,15532,2840
Rozalén,Te Quiero Porque Te Quiero (Fandangos),10463,2483
Rozalén,Para los dos,12153,2410
Rozalén,Amor del Bo,7569,2371
Rozalén,Y Busqué,12518,2362
Rozalén,Aves Enjauladas,10441,2314
Rozalén,Vivir,10411,2146
Rozalén,La Niña de Fuego - Interludio,16919,2126
Rozalén,Susurros de papel,9834,2114
Rozalén,Justo,11645,2029
Rozalén,Ahora,9317,1872
Rozalén,Dragón Rojo,10103,1829
Rozalén,La Belleza,6306,1670
Rozalén,Al Cantar (feat. Amaia Romero),6347,1663
Rozalén,Bajar del mundo,7349,1559
Rozalén,Alivio,7408,1536
Rozalén,Tiempo de Paz,2424,1515
Rozalén,Cal y arena,5845,1433
Rozalén,Agarrarte a la Vida,5793,1412
Rozalén,El Hijo De La Abuela,6977,1373
Rozalén,Amor Prohibido,7077,1371
Rozalén,A Virxe Do Portovello,5051,1339
Rozalén,A Quién Le Importa,6325,1324
Rozalén,Tres Días en Cartagena,5530,1317
Rozalén,Llévame,5620,1276
Rozalén,Lo Tengo Claro,6393,1227
Rozalén,La Que Baila Para Ti,4997,1180
Rozalén,Me Arrepiento (feat. Las Migas & El Kanka) - En Directo,4115,1157
Rozalén,LEVANTATE,4327,1142
Rozalén,Inevitable,5651,1130
Rozalén,Tu Nombre,5552,1122
Rozalén,Mis Infiernos,4050,1056
Rozalén,Todo lo Que Amaste (feat. Fernando Velázquez),3810,1031
Rozalén,Al Cantar (feat. Amaia Romero Arbizu),4026,1027
Rozalén,Volver A Los Diecisiete,4068,1022
Rozalén,Asuntos Pendientes - En Directo,2620,988
Rozalén,Somos,4189,946
Taburete,Sirenas,181307,24305
Taburete,Amos del Piano Bar,41803,6575
Taburete,Madame Ayahuasca,35240,4831
Taburete,Belerofón,24158,4152
Taburete,Walter Palmeras,22660,3852
Taburete,Roto y Elegante,24529,3834
Taburete,Caminito A Motel,21658,3666
Taburete,Vino Y Cemento,17477,3112
Taburete,Belerofon,15042,2596
Taburete,Ella,13068,2419
Taburete,El Rey del Contrabando,12930,2326
Taburete,Mariposas,13963,2200
Taburete,Entre Tus Piernas,11667,2179
Taburete,El Fin,12135,2085
Taburete,Kaiserlautern,10921,1917
Taburete,Abierto en vena,11179,1747
Taburete,Calçots & Mangos (feat. Jósean Log),7848,1686
Taburete,Dos Tequilas,7681,1685
Taburete,Por Lo Que Pueda Pasar,7164,1481
Taburete,Penúltimo beso (feat. Miguel Campello),7130,1473
Taburete,Tan desconectados,7003,1436
Taburete,Salto al Vacío (feat. Café Quijano),6410,1397
Taburete,Mexico D.F.,6682,1374
Taburete,Hijos del Soul,6927,1355
Taburete,110,5704,1343
Taburete,Cuando Los Hombres Lloran,5584,1331
Taburete,Cuando Se Apaga la Luz,6494,1214
Taburete,Primer Intento,5458,1185
Taburete,Dr. Charas,5357,1150
Taburete,Las últimas flores,5656,1142
Taburete,Blue Rihanna,4717,1102
Taburete,El Viaje,5357,1071
Taburete,El Pato,4849,1065
Taburete,Torrente Presidente,5319,985
Taburete,Brindo,7191,976
Taburete,Luna (Voy a por Ti),3973,976
Taburete,Me quedo conmigo,4446,935
Taburete,2018: Odisea en el Espacio,5595,900
Taburete,La Discoteca,5070,893
Taburete,Mamá,3827,878
Taburete,Johnny Pistolas,3338,785
Taburete,Al Alba,3054,774
Taburete,El Último Baile de Dunas Mitchell,4653,765
Taburete,Las Palabras,3472,751
Taburete,Desde Rusia Con Amor,2946,741
Taburete,Me Voy,3496,702
Taburete,De menos,2259,671
Taburete,Carnaval,3442,660
Taburete,Oaxaca,3359,660
Taburete,Grillos,3421,657
Maná,Oye mi amor,2671781,345008
Maná,En El Muelle De San Blas,1347804,247070
Maná,Labios Compartidos,1490382,222793
Maná,Rayando el sol,1050807,200398
Maná,Clavado en un bar,1062998,185063
Maná,Mariposa traicionera,890900,154541
Maná,Vivir Sin Aire,666037,131704
Maná,Bendita Tu Luz,569316,120041
Maná,Mariposa Traicionera - 2020 Remasterizado,445189,104532
Maná,Mi Verdad (feat. Shakira),362692,78765
Maná,Te lloré un río,351378,78039
Maná,Amor clandestino,336445,70962
Maná,Me vale,306118,63217
Maná,Eres mi religión,319238,62997
Maná,De pies a cabeza,239836,57739
Maná,Manda una señal,332028,54968
Maná,El Verdadero Amor Perdona - Dueto con Prince Royce,217336,48340
Maná,Hechicera,206496,47256
Maná,No ha parado de llover,190381,43058
Maná,Como te deseo,136951,39348
Maná,Si no te hubieras ido,212138,38955
Maná,Ojala Pudiera Borrarte,127255,34160
Maná,Eres Mi Religión - 2020 Remasterizado,114568,33146
Maná,Perdido en un barco,110789,30338
Maná,Huele a tristeza,107349,30315
Maná,Ángel de amor,127362,29700
Maná,Ojalá pudiera borrarte,129326,28464
Maná,Rayando El Sol (feat. Pablo Alborán),114182,27733
Maná,Cachito,96992,25747
Maná,Déjame entrar,88814,25369
Maná,El verdadero amor perdona,113772,25210
Maná,Lluvia al Corazón,106232,23673
Maná,Tengo Muchas Alas,91116,23507
Maná,El Rey Tiburon,66697,22811
Maná,El reloj cucú,80504,22624
Maná,Cómo dueles en los labios,71562,21976
Maná,Como Dueles en los Labios,80176,21666
Maná,Dime Luna,78900,20144
Maná,Hasta Que Te Conocí,81827,19144
Maná,Mi verdad - feat. Shakira,79332,18838
Maná,Cuando los ángeles lloran,62598,18805
Maná,El rey tiburón,76658,18592
Maná,Corazón espinado,62770,18066
Maná,Ana,70455,17363
Maná,Combatiente,64936,17231
Maná,Falta amor,52984,16747
Maná,Relax,64598,16091
Maná,Mis ojos,49809,15903
Maná,Un lobo por tu amor,53333,15889
Maná,Somos Mar y Arena,61275,15023
La Plazuela,Péiname Juana,60257,8228
La Plazuela,La Primerica Helá,40096,4576
La Plazuela,Realejo Beach,32113,4086
La Plazuela,Tangos De Copera,26469,4056
La Plazuela,El Lao De La Pena,35655,3794
La Plazuela,La Vuelta,15073,2052
La Plazuela,Mi Tarara,14315,2028
La Plazuela,Tu Palabra,13333,1820
La Plazuela,Soulseek,11639,1789
La Plazuela,Si Miro Patrás,9424,1626
La Plazuela,Alegrías De La Ragua,10119,1543
La Plazuela,La Ida - Intro,7292,1524
La Plazuela,Tiempos Raros,7669,1522
La Plazuela,Placeta de la Charca,7587,1505
La Plazuela,Mira La Niña,7966,1392
La Plazuela,B12,6441,1325
La Plazuela,Campanas Del Olvido,6274,1320
La Plazuela,Perico El De La Tomasa - por bulerías,5451,1319
La Plazuela,Mala De Verdad,5712,1313
La Plazuela,Bulerías De La Guardia,6888,1293
La Plazuela,Camino de Cristales,7631,1287
La Plazuela,La Antigua Judería,9087,1235
La Plazuela,Principios del XX,5170,1146
La Plazuela,Tengo Que Pensar,5140,887
La Plazuela,Perico El De La Tomasa,4455,873
La Plazuela,⁠Rumba De Los Bajos,3749,823
La Plazuela,Sólo Eres Pa Mí,4153,794
La Plazuela,Nº0,2136,722
La Plazuela,Este Juego,3731,683
La Plazuela,Eterna Primavera,3034,654
La Plazuela,18010,3666,644
La Plazuela,La Vuelta_Robzzz_Remix,2346,644
La Plazuela,El Lao De La Pena_Mainline Magic Orchestra_Remix,2397,640
La Plazuela,Péiname Juana_Jafunk_Remix,1826,608
La Plazuela,Si lo callo muero,2052,570
La Plazuela,De Color - Remix,2838,566
La Plazuela,Realejo Beach_Dan Solo_Remix,1540,540
La Plazuela,Parao Frente a la Muerte,2329,538
La Plazuela,Calabajío,2178,520
La Plazuela,La Cara De Dios,2970,510
La Plazuela,De Mí Pa Ti,2669,506
La Plazuela,D.L.Y,2062,492
La Plazuela,La Primerica Helá_Texture_Remix,1158,475
La Plazuela,De 2 En 2,2347,451
La Plazuela,Marinero en Tierra,1476,379
La Plazuela,Péiname Juana_La Vida De Jaime & Droxo_Remix,952,377
La Plazuela,En la Espera Taskino,1362,375
La Plazuela,Mira La Niña_Chico Blanco_Remix,753,357
La Plazuela,El Lao De La Pena_Cccorrosion_Remix,971,338
La Plazuela,Ron de Motril,1051,328
Veintiuno,La vida moderna (feat. Love of Lesbian),113548,10711
Veintiuno,Dopamina,76307,8324
Veintiuno,La Toscana,27267,2968
Veintiuno,Nudes,13952,2024
Veintiuno,"La Ruina (feat. Niña Polaca, La Maravillosa Orquesta del Alcohol)",10290,1885
Veintiuno,La Ruina,16694,1839
Veintiuno,Nudes (feat. Chica Sobresalto),10179,1760
Veintiuno,Cabezabajo,12656,1735
Veintiuno,La Llorería,9023,1686
Veintiuno,Escalofríos,14504,1651
Veintiuno,Perder los modales,11865,1565
Veintiuno,Ya no nos hablamos,9426,1565
Veintiuno,Tu nombre (feat. Zahara),7401,1558
Veintiuno,Irremediable (feat. Siloé),9742,1538
Veintiuno,Estarás,12120,1434
Veintiuno,Caramelo,9821,1396
Veintiuno,Acantilado,8720,1391
Veintiuno,Pide un deseo por mí,6439,1284
Veintiuno,Pirotecnia,8960,1233
Veintiuno,La Llorería (feat. La La Love You),5770,1141
Veintiuno,Haters,8298,1112
Veintiuno,Mañana lo dejo,9643,1072
Veintiuno,Armadura,6744,1019
Veintiuno,Irremediable,2983,985
Veintiuno,Anhelo,8391,974
Veintiuno,Desvelo,7586,961
Veintiuno,⁠Mitología,5796,951
Veintiuno,Telenovela,5579,923
Veintiuno,A la orilla,6053,915
Veintiuno,Puñalada,3912,858
Veintiuno,Mi monstruo y yo,6085,836
Veintiuno,Parasiempre (feat. Ainoa Buitrago),3887,821
Veintiuno,Chihiro,5765,786
Veintiuno,La la land,2877,775
Veintiuno,Leona,6117,757
Veintiuno,Vidas pasadas,4635,749
Veintiuno,La vida moderna,2728,742
Veintiuno,El desfile,4479,720
Veintiuno,"Marta, Sebas, Guille y los demás (feat. Arnau Griso)",3085,701
Veintiuno,Salvavidas (feat. Pole.),4415,698
Veintiuno,Salvavidas,4475,623
Veintiuno,Desvelo (feat. Yoly Saa),2582,597
Veintiuno,Complicidad,3427,594
Veintiuno,Cabezabajo (feat. Zetazen),3710,592
Veintiuno,Delirio y equilibrio,3750,564
Veintiuno,Dominó,2413,563
Veintiuno,Medalla de plata,3638,519
Veintiuno,Parasiempre,2474,507
Veintiuno,Nuestra parte de noche,2856,497
Veintiuno,Tu nombre,3101,490
Ojete Calor,Mocatriz,86021,11544
Ojete Calor,Viejoven,51340,8977
Ojete Calor,Tonta Gilipó,34440,6000
Ojete Calor,Sinceridad No Pedida,18192,4162
Ojete Calor,Cuidado Con El Cyborg (Corre Sarah Connor),18341,3707
Ojete Calor,Agapimú (feat. Ana Belén),28772,3467
Ojete Calor,Qué Bien Tan Mal,16169,3396
Ojete Calor,Opino De Que,14461,3030
Ojete Calor,0´60,12097,2772
Ojete Calor,Vintage,11369,2661
Ojete Calor,Morreo (feat. The Calorettes),11248,2402
Ojete Calor,Vete A Tu Casa (Freed From Desire),9248,2277
Ojete Calor,Extremismo Mal,8220,1887
Ojete Calor,ojete calor,6618,1875
Ojete Calor,Gente Que Imita Mal Los Acentos,9099,1841
Ojete Calor,Me Queda Bien Lo Que Me Pongo,6235,1759
Ojete Calor,La Gente Mala,5395,1598
Ojete Calor,Se Tiene Que Ir Ya,4302,1428
Ojete Calor,Madrid-Bilbao-Bollo,4629,1407
Ojete Calor,Fin De Curso,5082,1397
Ojete Calor,Subnopop,3466,1277
Ojete Calor,Rigodón,3673,1233
Ojete Calor,chasca,3685,1131
Ojete Calor,La Gente Extranjera (People Are Strange),3456,1065
Ojete Calor,Ismos,3050,1062
Ojete Calor,Musicote Including Paraíso,2551,979
Ojete Calor,viva el progreso,3005,959
Ojete Calor,Amiga En Las Estrellas,3084,947
Ojete Calor,Tradiciones Americanas,2898,922
Ojete Calor,Ultrapreñada,2201,842
Ojete Calor,Politica,2242,838
Ojete Calor,La Niña De Suramérica,2440,836
Ojete Calor,La Más Guapa (feat. Las Cheerlerdas),2680,829
Ojete Calor,Ciencia Ficcion,2121,827
Ojete Calor,Collar Fular,2749,757
Ojete Calor,0'60,1206,292
Ojete Calor,Ojete Calor - Nexus6 Remix,466,263
Ojete Calor,Agapimú,716,185
Ojete Calor,política,591,151
Ojete Calor,Opino De Que - Power-Monguer / The Groove Mix,233,126
Ojete Calor,Vintage - Peor Que La Original / Don Fluor Y José Morata Remix,221,121
Ojete Calor,"Cuidado con El Cyborg (Corre, Sarah Connor)",685,111
Ojete Calor,Ciencia-ficción,349,80
Ojete Calor,0.60,257,76
Ojete Calor,Agapimú ft. Ana Belén,174,74
Ojete Calor,corre Sarah Connor,169,48
Ojete Calor,Ciencia ficción,155,46
Ojete Calor,Tonta Gilipo,222,37
Ojete Calor,Lucía Te Lo Explica,72,32
Ojete Calor,Me queda todo bien,127,30
Rata Blanca,Mujer Amante,843409,119571
Rata Blanca,La Leyenda Del Hada y El Mago,478069,76313
Rata Blanca,Aún Estás En Mis Sueños,245548,37335
Rata Blanca,Talismán,130379,19664
Rata Blanca,Volviendo a casa,89034,18831
Rata Blanca,Ella,99039,16949
Rata Blanca,Preludio Obsesivo,60664,15937
Rata Blanca,El Reino Olvidado,93435,15787
Rata Blanca,El Sueño De La Gitana,65716,14715
Rata Blanca,El Beso De La Bruja,58949,14190
Rata Blanca,Mujer Amante - vivo,56532,12836
Rata Blanca,Haz Tu Jugada,35508,10828
Rata Blanca,La Leyenda del Hada y el Mago - Vivo,59039,10519
Rata Blanca,Guerrero del arco Iris,44993,9496
Rata Blanca,Otoño Medieval,35868,9033
Rata Blanca,La Llave De La Puerta Secreta,45323,8073
Rata Blanca,Chico Callejero,31605,7526
Rata Blanca,El Camino Del Sol,26508,7434
Rata Blanca,Solo para amarte,37073,6893
Rata Blanca,El Círculo De Fuego,39411,6799
Rata Blanca,La Canción del Guerrero,22708,6760
Rata Blanca,Dias Duros,22916,6696
Rata Blanca,La Otra Cara De La Moneda,27751,5612
Rata Blanca,Días duros,13985,5407
Rata Blanca,Caballo Salvaje,14912,5389
Rata Blanca,Por Que Es Tan Dificil Amar,20037,5365
Rata Blanca,Sólo Para Amarte,23794,5217
Rata Blanca,En nombre de Dios?,14474,5005
Rata Blanca,Bajo El Poder Del Sol,22339,4949
Rata Blanca,Noche sin sueños,23016,4779
Rata Blanca,Mujer Amante (versión acústica),21229,4759
Rata Blanca,Noches sin sueño,18005,4697
Rata Blanca,Sinfonía Fantástica,13712,4399
Rata Blanca,Blues,20091,4366
Rata Blanca,Cuando la luz oscurece,21773,4355
Rata Blanca,Abeja Reina,19447,4019
Rata Blanca,Diario De Una Sombra,17324,4018
Rata Blanca,EL SUEÑODE LA GITANA,22884,4011
Rata Blanca,La Misma Mujer,15007,4000
Rata Blanca,El amo del camino,17814,3870
Rata Blanca,Aun estas en mis sueños,27083,3819
Rata Blanca,Intro,14374,3661
Rata Blanca,Rompe El Hechizo,13653,3583
Rata Blanca,Mamma,14208,3442
Rata Blanca,Gente Del Sur,11299,3416
Rata Blanca,Hombre de Hielo,12602,3293
Rata Blanca,Indigo,12789,3229
Rata Blanca,Si Eres Hijo Del Rock,12512,3189
Rata Blanca,Guitarra Española,13034,3186
Rata Blanca,Sin Tu Amor Nada Existe,11852,3048
Vetusta Morla,Copenhague,620470,62927
Vetusta Morla,Valiente,585657,57232
Vetusta Morla,Sálvese Quien Pueda,313686,38912
Vetusta Morla,Maldita Dulzura,328503,38808
Vetusta Morla,La marea,318230,33813
Vetusta Morla,Al respirar,345416,33575
Vetusta Morla,Un día en el mundo,275970,32903
Vetusta Morla,Los Días Raros,280382,31649
Vetusta Morla,Pequeño desastre animal,236839,27503
Vetusta Morla,Año Nuevo,249115,27471
Vetusta Morla,Rey Sol,237523,27357
Vetusta Morla,Saharabbey Road,186904,25665
Vetusta Morla,La Deriva,198219,24776
Vetusta Morla,La cuadratura del círculo,189578,24524
Vetusta Morla,Autocrítica,170120,23643
Vetusta Morla,Cuarteles de Invierno,205235,22649
Vetusta Morla,Lo que te Hace Grande,170796,22093
Vetusta Morla,Boca en la Tierra,152963,18243
Vetusta Morla,Los Buenos,113635,17958
Vetusta Morla,23 de Junio,171246,17902
Vetusta Morla,Fuego,150548,17537
Vetusta Morla,El Hombre del Saco,135326,17535
Vetusta Morla,Golpe Maestro,150451,17398
Vetusta Morla,Copenhage,200720,17067
Vetusta Morla,Baldosas amarillas,118697,15724
Vetusta Morla,Los Ríos De Alice,47812,15620
Vetusta Morla,Mapas,109523,15371
Vetusta Morla,Cenas Ajenas,91347,13590
Vetusta Morla,Canción de Vuelta,87071,13341
Vetusta Morla,Marea Baja,34353,12682
Vetusta Morla,¡alto!,74026,12596
Vetusta Morla,Escudo Humano,84757,12479
Vetusta Morla,En el río,90222,12081
Vetusta Morla,Consejo de Sabios,109208,11885
Vetusta Morla,La Mosca en Tu Pared,87625,11609
Vetusta Morla,Un dia en el mundo,118872,11570
Vetusta Morla,Salvese Quien Pueda,121511,11528
Vetusta Morla,Sharabbey Road,107281,11509
Vetusta Morla,Una Sonata Fantasma,60211,11435
Vetusta Morla,Mi Suerte,70550,11361
Vetusta Morla,Finisterre,106185,11046
Vetusta Morla,Fiesta Mayor,78589,10621
Vetusta Morla,Autocritica,91472,10163
Vetusta Morla,Veneno,51324,9900
Vetusta Morla,Te lo Digo a Ti,69595,9682
Vetusta Morla,Deséame Suerte,67652,9596
Vetusta Morla,Pirómanos,66701,9107
Vetusta Morla,La Grieta,60437,8932
Vetusta Morla,Tour de Francia,60862,8684
Vetusta Morla,Puntos Suspensivos,53183,8100
Leiva,Terriblemente Cruel,206691,30778
Leiva,Como Si Fueras a Morir Mañana,169393,20800
Leiva,No Te Preocupes por Mi,100082,13002
Leiva,Sincericidio,83676,12919
Leiva,La Llamada,78666,12389
Leiva,Diazepam,49841,10636
Leiva,Flecha,66112,10400
Leiva,Premio de Consolación,56937,8057
Leiva,Caída Libre (feat. Robe),60894,7475
Leiva,Superpoderes,46883,7399
Leiva,Eme,35548,6946
Leiva,Breaking Bad,46902,6883
Leiva,Peligrosamente Dark (feat. Silvana Estrada),32555,6578
Leiva,La Lluvia en los Zapatos,41891,6277
Leiva,Histéricos,39546,6277
Leiva,Godzilla (feat. Enrique Bunbury & Ximena Sariñana),38498,6058
Leiva,Afuera en la Ciudad,31923,5919
Leiva,Los Cantantes,28082,5575
Leiva,Nuclear,33287,5329
Leiva,Anticiclón,26641,5303
Leiva,Bajo Presión,45474,5275
Leiva,Stranger Things,29189,5195
Leiva,Lobos,33880,5103
Leiva,El Polvo de los Días Raros,48568,4811
Leiva,Polvora,23998,4785
Leiva,Mirada Perdida,23839,4781
Leiva,Ciencia Ficcion,24084,4504
Leiva,Gigante,32801,4359
Leiva,Nunca Debiste Cruzar el Mississippi,28661,4250
Leiva,Electricidad,26816,4212
Leiva,Monstruos,25258,4206
Leiva,Vis a Vis,25387,4181
Leiva,Jaula de Oro,22412,4113
Leiva,Palomas,20276,4102
Leiva,Cuarenta Mil,23985,3792
Leiva,Sashimi,31596,3761
Leiva,Iceberg,23226,3719
Leiva,Infinitos,21186,3688
Leiva,Vertigo,16816,3602
Leiva,Ángulo Muerto,26880,3600
Leiva,Cerca,16767,3596
Leiva,Partido a Partido,17724,3541
Leiva,Solaris,16770,3486
Leiva,Francesita,19078,3482
Leiva,Del Hueso una Flor,16692,3478
Leiva,Hermosa Taquicardia,16407,3357
Leiva,Mi Pequeño Chernóbil,18128,3238
Leiva,Guerra Mundial,17612,3062
Leiva,Cuando te muerdes el labio,17277,3010
Leiva,Mi Mejor Version,12604,2850
Bad Bunny,DtMF,17095328,1306652
Bad Bunny,NUEVAYoL,13194875,1035590
Bad Bunny,Tití Me Preguntó,12923278,1007919
Bad Bunny,BAILE INoLVIDABLE,13615394,948941
Bad Bunny,EoO,10415464,807298
Bad Bunny,VOY A LLeVARTE PA PR,9783285,767138
Bad Bunny,Me Porto Bonito,9878548,722218
Bad Bunny,Moscow Mule,9261197,621642
Bad Bunny,DÁKITI,8115707,609416
Bad Bunny,VeLDÁ,6996160,572966
Bad Bunny,MONACO,5614580,532705
Bad Bunny,Ojitos Lindos,7822493,526433
Bad Bunny,Otro Atardecer,6883962,526361
Bad Bunny,WELTiTA,4956575,524491
Bad Bunny,Callaita,5866653,504216
Bad Bunny,KLOuFRENS,5351526,497311
Bad Bunny,PERFuMITO NUEVO,4540424,495638
Bad Bunny,EL CLúB,4767955,490092
Bad Bunny,Efecto,6804114,485657
Bad Bunny,Neverita,6274592,462477
Bad Bunny,Yo Perreo Sola,3976245,446523
Bad Bunny,LA MuDANZA,3558126,445319
Bad Bunny,Yonaguni,5712862,438882
Bad Bunny,CAFé CON RON,3467305,438823
Bad Bunny,PERRO NEGRO,5307941,425498
Bad Bunny,KETU TeCRÉ,3734286,421784
Bad Bunny,WHERE SHE GOES,5437750,419321
Bad Bunny,TURiSTA,3685553,417292
Bad Bunny,BOKeTE,3611316,416887
Bad Bunny,Party,4980368,408576
Bad Bunny,PIToRRO DE COCO,3226859,401444
Bad Bunny,Safaera,4541933,396430
Bad Bunny,Después de la Playa,4548559,394824
Bad Bunny,LO QUE LE PASÓ A HAWAii,2909321,394822
Bad Bunny,LA NOCHE DE ANOCHE,3694283,387363
Bad Bunny,Tarot,5395037,379841
Bad Bunny,Si Veo a Tu Mamá,4369283,355870
Bad Bunny,Yo No Soy Celoso,3888719,355528
Bad Bunny,MIA,2273300,347011
Bad Bunny,La Santa,4771577,345215
Bad Bunny,El Apagón,3389555,341990
Bad Bunny,MIA (feat. Drake),2703502,341708
Bad Bunny,Vete,3797299,328953
Bad Bunny,Un Ratito,3649536,327254
Bad Bunny,Diles,2780308,311971
Bad Bunny,Un Coco,4022356,307886
Bad Bunny,La Corriente,3498026,299935
Bad Bunny,La Romana,2881044,282868
Bad Bunny,Enséñame a Bailar,3109829,282399
Bad Bunny,La Difícil,3049788,280480
Enrique Bunbury,Lady Blue,202219,33319
Enrique Bunbury,Infinito,125126,23519
Enrique Bunbury,El extranjero,91472,21486
Enrique Bunbury,Sácame De Aquí,95228,21080
Enrique Bunbury,Sí,116307,19635
Enrique Bunbury,El Jinete,80029,18930
Enrique Bunbury,El Rescate,99117,18049
Enrique Bunbury,De mayor,68923,16626
Enrique Bunbury,Que Tengas Suertecita,72871,16544
Enrique Bunbury,Los Restos Del Naufragio,62645,15404
Enrique Bunbury,El viento a favor,65844,14204
Enrique Bunbury,Frente a frente,112298,12358
Enrique Bunbury,Polen,27624,12083
Enrique Bunbury,Hay Muy Poca Gente,66536,10549
Enrique Bunbury,Porque Las Cosas Cambian,63783,10292
Enrique Bunbury,Una Canción Triste,48487,10164
Enrique Bunbury,Anidando Liendres,49681,10116
Enrique Bunbury,El Club De Los Imposibles,60629,10069
Enrique Bunbury,Alicia (Expulsada Al País De Las Maravillas),31964,9321
Enrique Bunbury,Contar contigo,44637,9119
Enrique Bunbury,Apuesta Por El Rocanrol,40820,8880
Enrique Bunbury,Si,37077,8623
Enrique Bunbury,Aunque no sea conmigo,64569,8446
Enrique Bunbury,Lo Que Queda Por Vivir,34667,8130
Enrique Bunbury,Enganchado a ti,34291,7991
Enrique Bunbury,Alicia,51110,7739
Enrique Bunbury,Doscientos Huesos Y Un Collar De Calaveras,44317,7715
Enrique Bunbury,La Señorita Hermafrodita,35675,7365
Enrique Bunbury,...Y Al Final,46771,7303
Enrique Bunbury,Irremediablemente Cotidiano,41454,7295
Enrique Bunbury,Que No Sepa Tu Mano Izquierda Lo Que Hace La Derecha,29413,7116
Enrique Bunbury,Confesión,24821,7054
Enrique Bunbury,Si No Fuera Por Ti,33634,7024
Enrique Bunbury,Sacame de aqui,22977,6943
Enrique Bunbury,Demasiado tarde,23465,6516
Enrique Bunbury,Puta desagradecida,26775,6234
Enrique Bunbury,San Cosme Y San Damián,30898,6186
Enrique Bunbury,Todos Lo Haremos Mejor En El Futuro,28516,6186
Enrique Bunbury,No Me Llames Cariño,23093,5757
Enrique Bunbury,Enganchado A Tí,29168,5637
Enrique Bunbury,Canto (El mismo dolor),36792,5578
Enrique Bunbury,Carmen Jones,21714,5524
Enrique Bunbury,Lejos de la tristeza,19740,5330
Enrique Bunbury,El Anzuelo,21441,5190
Enrique Bunbury,Voces De Tango,22695,5158
Enrique Bunbury,De Todo El Mundo,42099,5106
Enrique Bunbury,Salomé,27141,5062
Enrique Bunbury,Ciudad de bajas pasiones,24544,5011
Enrique Bunbury,Hermosos y malditos,24061,4941
Enrique Bunbury,Palo De Mayo,18756,4793
Marea,La luna me sabe a poco,264160,34210
Marea,Trasegando,176709,30632
Marea,Que se joda el viento,224458,25100
Marea,La Rueca,169206,24680
Marea,El perro verde,170329,23603
Marea,Marea,109978,23039
Marea,En tu agujero,150954,21691
Marea,No Quiero Ser Un Poeta,77138,21086
Marea,Lija Y Terciopelo,73481,19118
Marea,El hijo de la Inés,104325,16989
Marea,Despellejo,57640,16280
Marea,Los mismos clavos,113067,16040
Marea,A La Mierda Primavera,97797,15942
Marea,Como El Viento De Poniente,92395,15791
Marea,Duerme conmigo,98606,15117
Marea,Ciudad de los gitanos,80041,15024
Marea,Manuela Canta saetas,75672,13340
Marea,Corazón de mimbre,80965,13299
Marea,A caballo,75392,13156
Marea,Como Quiere Tu Abuelita,44136,12979
Marea,El rastro,75340,12687
Marea,Corazon de mimbre,88631,12503
Marea,Venas Con Humo Y Palabras,64107,11356
Marea,Como los trileros,76136,11345
Marea,Con la camisa rota,60554,11029
Marea,Alfileres,54944,10875
Marea,CORAZÓN DE MIMBRE,65442,10625
Marea,Pan Duro,52019,10568
Marea,Romance de Jose Etxailarena,58821,10076
Marea,Mierda y cuchara,72630,9942
Marea,Aceitunero,57358,9703
Marea,El trapecio,58127,9531
Marea,Barniz,54956,9356
Marea,Latido jondo,44169,9258
Marea,Dos alpargatas,42961,9141
Marea,Me Estoy Quedando Solo,41238,9075
Marea,Amor temporero,54649,8754
Marea,Al culo de una lombriz,35886,8228
Marea,Bienvenido al secadero,46165,8173
Marea,Mil quilates,59399,8100
Marea,Entre hormigones,58147,8078
Marea,Si viene la pestañi,19909,7759
Marea,Quejios,20112,7429
Marea,Incandescente,38265,7019
Marea,Me corten la lengua,45891,6971
Marea,Por cuatro perras,45518,6950
Marea,Romance de José Etxailarena,44881,6696
Marea,Ya Lo Dijo El Camaron,15616,6270
Marea,La hora de las moscas,37757,6044
Marea,Prima tristeza,31472,6018
Joaquín Sabina,Y nos dieron las diez,200121,45956
Joaquín Sabina,Contigo,208107,44159
Joaquín Sabina,19 dias y 500 noches,248710,41879
Joaquín Sabina,Y sin embargo,193788,29706
Joaquín Sabina,La del pirata cojo,109555,25556
Joaquín Sabina,Nos sobran los motivos,93561,24344
Joaquín Sabina,Por el bulevar de los sueños rotos,119832,23170
Joaquín Sabina,Peces de ciudad,100935,20577
Joaquín Sabina,Peor para el sol,87437,20499
Joaquín Sabina,Que se llama soledad,67158,19468
Joaquín Sabina,Medias negras,76532,18846
Joaquín Sabina,Conductores suicidas,64231,17362
Joaquín Sabina,Tan joven y tan viejo,67116,17251
Joaquín Sabina,A la orilla de la chimenea,78760,16511
Joaquín Sabina,Con la frente marchita,77864,16253
Joaquín Sabina,Pongamos Que Hablo De Madrid,70622,16204
Joaquín Sabina,Pacto entre caballeros,82818,15709
Joaquín Sabina,19 días y 500 noches,76607,15104
Joaquín Sabina,Calle Melancolía,58835,14617
Joaquín Sabina,Ruido,74995,14372
Joaquín Sabina,Calle Melancolia,61024,14239
Joaquín Sabina,Amor se llama el juego,62944,13816
Joaquín Sabina,Donde Habita el Olvido,72998,13807
Joaquín Sabina,Pastillas para no soñar,64164,13457
Joaquín Sabina,A Mis Cuarenta y Diez,46681,12970
Joaquín Sabina,Quién me ha robado el mes de abril,66270,12592
Joaquín Sabina,Yo me bajo en Atocha,44940,12419
Joaquín Sabina,"Para Aute: Pasaba por Aquí (feat. Abel Pintos, Carlos Rivera, Dani Martin, Estopa, Ismael Serrano, Jorge Drexler, Pedro Guerra, Silvio Rodríguez, Vanesa Martin & Xoel López)",37828,12402
Joaquín Sabina,El caso de la rubia platino,50264,12287
Joaquín Sabina,La canción más hermosa del mundo,68026,11811
Joaquín Sabina,Dieguitos y Mafaldas,59205,11693
Joaquín Sabina,Ahora que...,45495,11285
Joaquín Sabina,El rocanrol de los idiotas,51464,11145
Joaquín Sabina,Y si amanece por fin,52840,11040
Joaquín Sabina,Siete crisantemos,45779,10814
Joaquín Sabina,Noches de boda,37056,10464
Joaquín Sabina,Princesa,51807,10360
Joaquín Sabina,Resumiendo,37523,10027
Joaquín Sabina,Esta noche contigo,40254,9768
Joaquín Sabina,19 Dias y 500 Noches - En Directo,44281,9603
Joaquín Sabina,Una canción para la Magdalena,48299,9582
Joaquín Sabina,Postal de La Habana,25707,9484
Joaquín Sabina,La Cancion Mas Hermosa Del Mundo,36507,9285
Joaquín Sabina,Barbi Superestar,34210,9276
Joaquín Sabina,Cerrado Por Derribo,46944,9272
Joaquín Sabina,Eclipse de mar,37557,9004
Joaquín Sabina,Rosa de Lima,33234,8845
Joaquín Sabina,Lo Niego Todo,47217,8841
Joaquín Sabina,Arenas movedizas,29589,8688
Joaquín Sabina,Es mentira,29198,8682
Rosalía,DESPECHÁ,8854658,653361
Rosalía,SAOKO,11815230,609051
Rosalía,BIZCOCHITO,8268346,599066
Rosalía,LA FAMA,5109666,542226
Rosalía,Berghain,6462924,523114
Rosalía,Con Altura,5102942,456159
Rosalía,MALAMENTE - Cap.1: Augurio,5353799,445295
Rosalía,TKN (feat. Travis Scott),4110698,425833
Rosalía,CHICKEN TERIYAKI,5713323,421926
Rosalía,CANDY,6456597,419127
Rosalía,La Perla,4640561,416083
Rosalía,BESO,4220920,415514
Rosalía,MOTOMAMI,5553495,408833
Rosalía,"Sexo, Violencia y Llantas",3207076,386359
Rosalía,Reliquia,3914290,384244
Rosalía,"Yo x Ti, Tu x Mi",3085594,359410
Rosalía,HENTAI,4832397,346120
Rosalía,Divinize,3053341,342468
Rosalía,Porcelana,2759721,321165
Rosalía,DIABLO,4983391,320663
Rosalía,LA COMBI VERSACE,3920517,318235
Rosalía,BULERÍAS,2951970,305097
Rosalía,Dios Es Un Stalker,3256702,301389
Rosalía,PIENSO EN TU MIRÁ - Cap.3: Celos,3718259,300381
Rosalía,Mio Cristo Piange Diamanti,2459964,299388
Rosalía,CUUUUuuuuuute,3635468,291887
Rosalía,De Madrugá,2506995,291560
Rosalía,G3 N15,2751139,290979
Rosalía,DELIRIO DE GRANDEZA,3213161,288751
Rosalía,Mundo Nuevo,1971271,282110
Rosalía,La Yugular,2985185,279406
Rosalía,Sauvignon Blanc,2412808,273521
Rosalía,COMO UN G,3278450,271433
Rosalía,LA FAMA (with The Weeknd),2992597,258253
Rosalía,Abcdefg,1878463,253821
Rosalía,Magnolias,2170606,249764
Rosalía,LLYLM,2983176,245897
Rosalía,SAKURA,1974330,241761
Rosalía,La Rumba Del Perdón,1923568,236532
Rosalía,BAGDAD - Cap.7: Liturgia,2236678,232764
Rosalía,Memória,1585294,228055
Rosalía,DI MI NOMBRE - Cap.8: Éxtasis,2219795,227747
Rosalía,A Palé,2061336,207450
Rosalía,QUE NO SALGA LA LUNA - Cap.2: Boda,1507299,194860
Rosalía,Aute Cuture,2268723,180389
Rosalía,VAMPIROS,2262524,176394
Rosalía,DE AQUÍ NO SALES - Cap.4: Disputa,1380903,173133
Rosalía,Catalina,770164,163078
Rosalía,A NINGÚN HOMBRE - Cap.11: Poder,1115672,157223
Rosalía,TUYA,1370171,152939
Queen,Bohemian Rhapsody,16294476,2234193
Queen,Bohemian Rhapsody - Remastered 2011,13493991,1707918
Queen,Don't Stop Me Now - Remastered 2011,13783195,1642247
Queen,Another One Bites The Dust - Remastered 2011,11043402,1499605
Queen,Under Pressure - Remastered 2011,11712439,1398230
Queen,Another One Bites the Dust,8714161,1398105
Queen,Don't Stop Me Now,10012753,1337062
Queen,Killer Queen - Remastered 2011,10722505,1275117
Queen,We Will Rock You,7510083,1273200
Queen,Killer Queen,8461635,1254216
Queen,I Want to Break Free,7078367,1172465
Queen,We Are the Champions,6176096,1086003
Queen,Under Pressure,6990892,1078099
Queen,Somebody to Love,6563418,1045240
Queen,Crazy Little Thing Called Love,5627948,946139
Queen,Somebody To Love - Remastered 2011,6366382,943531
Queen,The Show Must Go On,5923338,876088
Queen,Crazy Little Thing Called Love - Remastered 2011,5499940,870317
Queen,We Will Rock You - Remastered 2011,4277525,843739
Queen,Good Old-Fashioned Lover Boy - Remastered 2011,8653667,821537
Queen,You're My Best Friend,4069944,770858
Queen,We Are The Champions - Remastered 2011,4004904,762409
Queen,Fat Bottomed Girls,4146765,736764
Queen,Radio Ga Ga,3942257,688220
Queen,Radio Ga Ga - Remastered 2011,3828651,654462
Queen,Bicycle Race,3375418,642767
Queen,Love Of My Life - Remastered 2011,4226820,624173
Queen,Who Wants to Live Forever,3261156,595321
Queen,You're My Best Friend - Remastered 2011,3089612,577635
Queen,I Want It All,3402860,572913
Queen,A Kind of Magic,3241830,565556
Queen,I Want To Break Free - Remastered 2011,2754282,521669
Queen,Seven Seas of Rhye,2614648,506831
Queen,Save Me,2431213,492449
Queen,I Want To Break Free - Single Remix,2585962,489015
Queen,Play the Game,2196070,470882
Queen,Cool Cat - Remastered 2011,3186658,468373
Queen,Now I'm Here,2110054,453414
Queen,One Vision,2203746,423767
Queen,Thank God It's Christmas,1368734,419120
Queen,Love of My Life,2471113,393642
Queen,Innuendo,2049036,383131
Queen,The Show Must Go On - Remastered 2011,2242606,381178
Queen,A Kind Of Magic - Remastered 2011,1876939,374579
Queen,Hammer to Fall,1932587,372694
Queen,Friends Will Be Friends,1899537,367001
Queen,Flash,1532949,362020
Queen,Good Old-Fashioned Lover Boy,1785080,328698
Queen,Headlong,1539580,324600
Queen,It's a Hard Life,1454493,310250
The Lumineers,Ho Hey,15421941,1651177
The Lumineers,Ophelia,12100735,1115049
The Lumineers,Stubborn Love,7071528,809169
The Lumineers,Flowers in Your Hair,5617913,738278
The Lumineers,Sleep on the Floor,5134891,530663
The Lumineers,Cleopatra,5379140,501005
The Lumineers,Slow It Down,2283997,391072
The Lumineers,Dead Sea,2247752,371039
The Lumineers,Submarines,1658900,308379
The Lumineers,Angela,2271863,292922
The Lumineers,Classy Girls,1503995,291751
The Lumineers,Charlie Boy,1466477,278608
The Lumineers,Big Parade,1552509,273285
The Lumineers,Flapper Girl,1242540,238196
The Lumineers,Morning Song,935687,206676
The Lumineers,Gloria,1395054,202797
The Lumineers,Gale Song,1437340,194936
The Lumineers,Where The Skies Are Blue,1129886,166575
The Lumineers,Salt and the Sea,987985,147371
The Lumineers,Long Way from Home,878918,142744
The Lumineers,Patience,900967,136717
The Lumineers,WHERE WE ARE,695576,127897
The Lumineers,My Eyes,810900,121200
The Lumineers,Nobody Knows,665925,117295
The Lumineers,Gun Song,736962,115655
The Lumineers,BRIGHTSIDE,751589,114127
The Lumineers,Donna,821040,109612
The Lumineers,Life in the City,758967,108688
The Lumineers,In the Light,633537,108153
The Lumineers,A.M. RADIO,740873,106707
The Lumineers,Same Old Song,511119,96500
The Lumineers,Walls,502013,91492
The Lumineers,Leader of the Landslide,665926,88247
The Lumineers,It Wasn't Easy to Be Happy for You,534890,87885
The Lumineers,Sick in the Head,439615,85830
The Lumineers,Scotland,455848,83123
The Lumineers,Asshole,324190,70365
The Lumineers,White Lie,405840,70009
The Lumineers,BIG SHOT,350527,65410
The Lumineers,You're All I Got,281331,64706
The Lumineers,This Must be the Place (Naïve Melody),215994,57519
The Lumineers,Elouise,237965,56170
The Lumineers,April,290648,54666
The Lumineers,Left for Denver,302288,54498
The Lumineers,Ain't Nobody's Problem,236551,53407
The Lumineers,Have You Ever Seen The Rain - Recorded at Electric Lady Studios NYC,214530,52781
The Lumineers,REPRISE,240765,49091
The Lumineers,just like heaven,210181,45461
The Lumineers,NEVER REALLY MINE,233100,43879
The Lumineers,My Cell,242095,43407
Foo Fighters,Everlong,46520205,3123358
Foo Fighters,The Pretender,22831829,2205339
Foo Fighters,My Hero,15186687,1818872
Foo Fighters,Best of You,14548637,1757662
Foo Fighters,Learn to Fly,13586230,1755204
Foo Fighters,All My Life,11273377,1477619
Foo Fighters,Monkey Wrench,9412508,1314863
Foo Fighters,Times Like These,8616498,1227362
Foo Fighters,Big Me,5263115,882192
Foo Fighters,Long Road to Ruin,5448074,792847
Foo Fighters,Walk,6429706,740226
Foo Fighters,Breakout,4448777,734651
Foo Fighters,Doll,3433503,706517
Foo Fighters,This Is a Call,3432450,661998
Foo Fighters,Let It Die,4263074,632401
Foo Fighters,Walking After You,3621531,626198
Foo Fighters,DOA,3608284,583858
Foo Fighters,Rope,4430293,571764
Foo Fighters,These Days,3793941,516958
Foo Fighters,"Hey, Johnny Park!",2885610,514073
Foo Fighters,I'll Stick Around,2821028,513946
Foo Fighters,Everlong - acoustic version,3209789,485701
Foo Fighters,No Way Back,2709020,473805
Foo Fighters,February Stars,2424383,473137
Foo Fighters,Stranger Things Have Happened,3051426,469604
Foo Fighters,Up in Arms,2200584,452960
Foo Fighters,Come Alive,2605872,449454
Foo Fighters,Wheels,3127324,444072
Foo Fighters,Bridge Burning,3252441,432388
Foo Fighters,My Poor Brain,1919954,430855
Foo Fighters,Wind Up,1998759,430460
Foo Fighters,Next Year,2238588,428453
Foo Fighters,See You,1902476,427180
Foo Fighters,Enough Space,1794052,420574
Foo Fighters,Low,2163756,416129
Foo Fighters,Stacked Actors,2316661,408799
Foo Fighters,Arlandria,3290628,403548
Foo Fighters,Generator,2351899,401398
Foo Fighters,Home,2013020,384521
Foo Fighters,Aurora,2134557,382450
Foo Fighters,Dear Rosemary,2802985,373989
Foo Fighters,Summer's End,1911774,368977
Foo Fighters,New Way Home,1567485,359288
Foo Fighters,Friend of a Friend,1747671,356561
Foo Fighters,In Your Honor,1792443,347438
Foo Fighters,Statues,1721642,345005
Foo Fighters,Another Round,1695182,341356
Foo Fighters,Razor,1700790,340819
Foo Fighters,Cold Day in the Sun,1855839,338566
Foo Fighters,White Limo,2348189,338473
Muse,Supermassive Black Hole,35894126,2929615
Muse,Starlight,22861489,2146321
Muse,Hysteria,24104099,2103896
Muse,Time Is Running Out,19363106,1868850
Muse,Uprising,18102099,1734419
Muse,Knights of Cydonia,15909075,1587328
Muse,Plug In Baby,14404555,1402103
Muse,Stockholm Syndrome,11107802,1207546
Muse,Feeling Good,9653310,1129951
Muse,Undisclosed Desires,12690040,1087072
Muse,Map of the Problematique,11086162,1045225
Muse,New Born,9503377,1017229
Muse,Sing for Absolution,7372813,977815
Muse,Bliss,8626381,933138
Muse,Apocalypse Please,6456439,876192
Muse,Madness,8704613,874511
Muse,Take a Bow,6808093,870590
Muse,Invincible,7122092,861534
Muse,Resistance,8622598,860890
Muse,Falling Away With You,5606149,795725
Muse,Assassin,6197471,786191
Muse,Sunburn,6473407,781533
Muse,Blackout,5424929,764524
Muse,Soldier's Poem,5169787,761024
Muse,Muscle Museum,6714511,754663
Muse,City of Delusion,5489401,749297
Muse,Endlessly,5426730,731788
Muse,Unintended,6362143,727034
Muse,Thoughts of a Dying Atheist,5485171,718511
Muse,Space Dementia,5440995,710609
Muse,Interlude,4860155,688529
Muse,Hoodoo,4440609,674628
Muse,Exo-Politics,5189587,672539
Muse,Citizen Erased,5590760,667745
Muse,The Small Print,4770880,644330
Muse,Micro Cuts,5011077,637117
Muse,Butterflies and Hurricanes,4716574,635017
Muse,Hyper Music,4594786,632390
Muse,Ruled by Secrecy,3795055,604166
Muse,Megalomania,3614066,557743
Muse,Unnatural Selection,4333030,554741
Muse,MK Ultra,4647861,552524
Muse,Psycho,4487629,544575
Muse,Screenager,3272253,539630
Muse,Showbiz,4173537,519874
Muse,Guiding Light,3639997,515309
Muse,Panic Station,4576757,511209
Muse,Butterflies & Hurricanes,3602670,496663
Muse,Supremacy,3859576,487831
Muse,Uno,3410226,476101
Metallica,Enter Sandman,18695870,1889442
Metallica,Nothing Else Matters,17079112,1706704
Metallica,Master of Puppets,16832957,1655257
Metallica,One,14083123,1401649
Metallica,The Unforgiven,10818802,1178706
Metallica,Sad but True,9034824,1035265
Metallica,Fuel,9084503,1025427
Metallica,Battery,7997690,917434
Metallica,Whiskey in the Jar,8019048,911099
Metallica,Wherever I May Roam,6545270,828517
Metallica,Fade to Black,7163162,741822
Metallica,For Whom the Bell Tolls,6700789,706104
Metallica,The Day That Never Comes,6484061,682914
Metallica,The Unforgiven II,5717945,666741
Metallica,Welcome Home (Sanitarium),5161865,633591
Metallica,The Memory Remains,4756532,617949
Metallica,The Thing That Should Not Be,4125419,613481
Metallica,Blackened,4976884,605102
Metallica,Of Wolf and Man,4077468,598456
Metallica,Until It Sleeps,4422241,562570
Metallica,Holier Than Thou,3306449,553050
Metallica,Turn the Page,4305286,535391
Metallica,Disposable Heroes,3486879,526606
Metallica,Don't Tread on Me,3091708,525764
Metallica,Harvester of Sorrow,3718014,511557
Metallica,Through the Never,3049450,511421
Metallica,Enter Sandman - Remastered 2021,3521248,506330
Metallica,For Whom The Bell Tolls - Remastered,5564804,504716
Metallica,All Nightmare Long,4370349,504691
Metallica,Creeping Death,4243797,501008
Metallica,The Unforgiven III,4188256,494569
Metallica,Leper Messiah,3082783,485576
Metallica,The God That Failed,2798622,478679
Metallica,Ride the Lightning,3647143,473922
Metallica,My Friend of Misery,2809117,470220
Metallica,Hero of the Day,3379030,455291
Metallica,...and Justice for All,3215643,444308
Metallica,St. Anger,3123282,440176
Metallica,Eye of the Beholder,2732320,434989
Metallica,The Shortest Straw,2634107,423387
Metallica,The Struggle Within,2230559,418108
Metallica,Enter Sandman (Remastered),4425229,417659
Metallica,Fight Fire With Fire,2877017,415030
Metallica,The Call of Ktulu,2865442,412558
Metallica,"Die, Die My Darling",3345313,408737
Metallica,Whiplash,2762711,405558
Metallica,That Was Just Your Life,2987423,404102
Metallica,The Four Horsemen,2787661,400608
Metallica,Hit the Lights,2597432,398049
Metallica,King Nothing,2845055,396418
Ginebras,La Típica Canción,90326,10889
Ginebras,Con Altura,75708,9170
Ginebras,Alex Turner,47998,5698
Ginebras,Paco y Carmela,44378,5287
Ginebras,Chico Pum,38352,4897
Ginebras,Desastre de persona,40149,4834
Ginebras,Ansiedad,40229,4607
Ginebras,Todas Mis Ex Tienen Novio,32139,4496
Ginebras,Cosas Moradas,23211,3332
Ginebras,Crystal Fighters,27169,3274
Ginebras,La Ciudad Huele a Sudor,20190,2803
Ginebras,Billie Max,18669,2611
Ginebras,Vintage,17185,2577
Ginebras,Lunes Negro,14958,2189
Ginebras,Fan Emergente,11712,2086
Ginebras,6 AM,13902,2049
Ginebras,Muchas gracias por venir,10904,1807
Ginebras,Filtro Valencia,11465,1770
Ginebras,Rapapá,12036,1670
Ginebras,En bolas,9828,1662
Ginebras,Metro de Madrid Informa,9239,1618
Ginebras,Mi diario,6529,1565
Ginebras,"Madrid, Madrid, Madrid",8359,1506
Ginebras,Omeprazol,7742,1371
Ginebras,Vueltas,4441,1241
Ginebras,Qué Gozadita,6371,1210
Ginebras,Campos de Fresas para Siempre,5826,1187
Ginebras,He Resucitado A Elvis,6423,1170
Ginebras,Mundo hostil,3947,1170
Ginebras,Con las chicas en Berlín,3635,1145
Ginebras,Gigantes,2425,919
Ginebras,Filtro Valencia (Version 2021),2147,918
Ginebras,Hoy puede ser un gran dia - Banda Sonora Original de la película Menudas Piezas,3010,826
Ginebras,La Típica Canción - Elyella Remix,3119,807
Ginebras,La Típica Canción,4156,805
Ginebras,Rechazada viva,2066,726
Ginebras,Come aquí,1585,584
Ginebras,Novio o novia,1652,565
Ginebras,Intervención,1560,549
Ginebras,Campos de Fresa para Siempre,1423,504
Ginebras,El bosque,1376,476
Ginebras,Cosas Moradas (Innmir Remix),1312,474
Ginebras,Cosas Moradas - Innmir Remix,1072,427
Ginebras,Una Voz - Original de Amatria,1397,417
Ginebras,La Típica Canción (Elyella Remix),1164,392
Ginebras,Una Voz (Original de Amatria),877,308
Ginebras,Filtro Valencia - Version,330,148
Ginebras,6AM,186,112
Ginebras,Con altura (versión de la ROSALÍA),205,70
Ginebras,Vanana Megamix,143,26
IZAL,Copacabana,257848,25858
IZAL,Qué Bien,173123,22176
IZAL,La Mujer De Verde,163504,19544
IZAL,Despedida,137238,19065
IZAL,Pausa,152615,17928
IZAL,El Baile,130962,14487
IZAL,Pequeña Gran Revolución,123235,14240
IZAL,Pánico práctico,85120,10871
IZAL,Asuntos delicados,74676,10426
IZAL,El Pozo,86045,10345
IZAL,Magia Y Efectos Especiales,74002,10170
IZAL,La Increíble Historia del Hombre Que Podía Volar Pero No Sabía Cómo,94779,9567
IZAL,Hambre,63777,9364
IZAL,Agujeros de gusano,63240,8998
IZAL,Arte Moderno,59139,7747
IZAL,"Sueños lentos, aviones veloces",40744,6936
IZAL,Eco,41661,6530
IZAL,Prueba Y Error,45234,6453
IZAL,Palos de ciego,40931,6394
IZAL,Tu Continente,44206,6379
IZAL,Los Seres Que Me Llenan,40643,6142
IZAL,Extraño Regalo,39349,5940
IZAL,Bill Murray,41945,5446
IZAL,Inercia,33335,5017
IZAL,A Nuestros Rincones,29988,4896
IZAL,A los que volveremos,28935,4726
IZAL,Tóxica,29478,4718
IZAL,Ruido Blanco,30496,4626
IZAL,Autoterapia,37189,4570
IZAL,En Aire y Hueso,31681,4538
IZAL,Conclusión En Do Para Ukelele,28675,4531
IZAL,Canción Para Nadie,32525,4334
IZAL,Jenna Fischer,25804,4309
IZAL,Ockham,25446,4258
IZAL,Oro y Humo,29037,4196
IZAL,28 horas,26290,4176
IZAL,El Hombre del Futuro,22103,4166
IZAL,Tambores de Guerra,25352,4005
IZAL,Historias de Vida y Placer,25873,3976
IZAL,La Piedra Invisible,26084,3937
IZAL,Hacia el Norte,25491,3844
IZAL,La Buena Sombra,16997,3517
IZAL,Meiuqèr,20378,3421
IZAL,Ajam,19341,3366
IZAL,Epílogo I: La Duda Razonable,19496,3357
IZAL,Epílogo III: Resurrección Y Venganza,18094,3181
IZAL,Epílogo II: La Caída Del Imperio,17075,3150
IZAL,Teletransporte,13104,3000
IZAL,Hogar,15407,2990
IZAL,Temas Amables,18949,2882
Kaiser Chiefs,Ruby,10216043,1365417
Kaiser Chiefs,I Predict a Riot,6369241,1015713
Kaiser Chiefs,Everyday I Love You Less and Less,4597838,782085
Kaiser Chiefs,Modern Way,2853936,598569
Kaiser Chiefs,Oh My God,3107173,581664
Kaiser Chiefs,Never Miss a Beat,3092838,528632
Kaiser Chiefs,Na Na Na Na Naa,2101614,494665
Kaiser Chiefs,The Angry Mob,2299757,450870
Kaiser Chiefs,Everything Is Average Nowadays,1722358,392588
Kaiser Chiefs,Heat Dies Down,1609624,345015
Kaiser Chiefs,You Can Have It All,1268570,321933
Kaiser Chiefs,Born to Be a Dancer,1286576,317799
Kaiser Chiefs,Saturday Night,1181855,304138
Kaiser Chiefs,Thank You Very Much,1202075,265371
Kaiser Chiefs,Time Honoured Tradition,986883,263732
Kaiser Chiefs,"Caroline, Yes",849691,233658
Kaiser Chiefs,Good Days Bad Days,965552,231562
Kaiser Chiefs,My Kind of Guy,941569,231542
Kaiser Chiefs,Team Mate,753233,227694
Kaiser Chiefs,Learnt My Lesson Well,892637,222983
Kaiser Chiefs,Retirement,870206,214575
Kaiser Chiefs,Boxing Champ,875342,214327
Kaiser Chiefs,Try Your Best,772930,204367
Kaiser Chiefs,Love's Not a Competition (But I'm Winning),881695,186864
Kaiser Chiefs,Highroyds,672348,167150
Kaiser Chiefs,What Did I Ever Give You?,519544,150308
Kaiser Chiefs,Spanish Metal,534912,137649
Kaiser Chiefs,Like It Too Much,587081,135115
Kaiser Chiefs,You Want History,598586,131361
Kaiser Chiefs,Can't Say What I Mean,515171,130331
Kaiser Chiefs,I Can Do It Without You,500619,128242
Kaiser Chiefs,What Did I Ever Give You,481667,128042
Kaiser Chiefs,Addicted to Drugs,509830,117510
Kaiser Chiefs,Tomato in the Rain,484200,117420
Kaiser Chiefs,Half the Truth,485396,115821
Kaiser Chiefs,Always Happens Like That,452885,108829
Kaiser Chiefs,Remember You're a Girl,379136,101702
Kaiser Chiefs,I Can Do Without You,489194,99529
Kaiser Chiefs,Coming Home,409543,79153
Kaiser Chiefs,Love Is Not A Competition (But I'm Winning),442330,71450
Kaiser Chiefs,Little Shocks,309216,64666
Kaiser Chiefs,High Royds,310981,64496
Kaiser Chiefs,The Factory Gates,316367,60547
Kaiser Chiefs,Na Na Na Na Naah,113342,57451
Kaiser Chiefs,Kinda Girl You Are,217563,46726
Kaiser Chiefs,Love's Not A Competition [But I'm Winning],272670,46265
Kaiser Chiefs,Record Collection,244591,43653
Kaiser Chiefs,Man on Mars,188058,42960
Kaiser Chiefs,Another Number,71349,39087
Kaiser Chiefs,Misery Company,180958,38096
Residente,Bellacoso,429723,66573
Residente,René,416126,55428
Residente,This is Not America (feat. Ibeyi),264721,32023
Residente,Desencuentro (feat. Soko),140831,20908
Residente,Rap Bruto,112748,16517
Residente,Guerra,67785,13532
Residente,Sexo (feat. iLe),65237,13320
Residente,La Cátedra,71818,13091
Residente,Antes Que el Mundo Se Acabe,60575,12290
Residente,Pecador,74185,11963
Residente,Dagombas en Tamale,48110,11855
Residente,Somos Anormales,45450,11455
Residente,Problema Cabrón,63242,11249
Residente,Mis Disculpas,52020,10211
Residente,Milo,47329,10090
Residente,Desencuentro,53243,9244
Residente,Que Fluya,46804,9088
Residente,Apocalíptico,41621,8518
Residente,313,34731,8424
Residente,Hijos del Cañaveral,35814,7802
Residente,Intro ADN / DNA,21798,7283
Residente,Una Leyenda China,26509,7245
Residente,Hoy,26045,6957
Residente,Sexo,27970,6853
Residente,Sin Lú,34287,6813
Residente,Interludio Haruna Fati,17307,5861
Residente,Interludio Entre Montañas Siberianas,13928,5670
Residente,Ron En El Piso,31323,5555
Residente,Quiero Ser Baladista,18890,4748
Residente,Yo No Sé Pero Sé,18888,4630
Residente,Pólvora de Ayer,25631,4510
Residente,El Malestar En La Cultura,14355,4470
Residente,Valentina,8026,4362
Residente,Yo Te Quiero a Ti,17887,4333
Residente,El Encuentro,17617,3989
Residente,Estilo Libre,17748,3929
Residente,Cerebro,12360,3895
Residente,Bajo y Batería,14942,3533
Residente,La Sombra (feat. Bombino),10360,3377
Residente,Bajo los Escombros,10724,3264
Residente,El Futuro Es Nuestro,10335,3141
Residente,Querido Louis (feat. Trooko),12999,3132
Residente,Jerga Platanera,8415,3089
Residente,El Futuro Es Nuestro (feat. Goran Bregovic),9538,3037
Residente,En Talla,9146,2669
Residente,La Sombra,7771,2649
Residente,Cosquillita,7585,2040
Residente,Artificial Inteligente,5093,2010
Residente,Leoni,6164,1941
Residente,Latinoamérica - Edición Cuarentena,5760,1932
